{
  "POST Register User Seller" : {
    "transaction" : "POST Register User Seller",
    "sampleCount" : 10,
    "errorCount" : 0,
    "errorPct" : 0.0,
    "meanResTime" : 1187.5,
    "medianResTime" : 1206.5,
    "minResTime" : 1116.0,
    "maxResTime" : 1249.0,
    "pct1ResTime" : 1247.8,
    "pct2ResTime" : 1249.0,
    "pct3ResTime" : 1249.0,
    "throughput" : 1.7400382808421784,
    "receivedKBytesPerSec" : 0.9464856664346616,
    "sentKBytesPerSec" : 2.5886467939794677
  },
  "GET Buyer Order by id" : {
    "transaction" : "GET Buyer Order by id",
    "sampleCount" : 10,
    "errorCount" : 0,
    "errorPct" : 0.0,
    "meanResTime" : 603.5,
    "medianResTime" : 315.5,
    "minResTime" : 279.0,
    "maxResTime" : 2020.0,
    "pct1ResTime" : 1972.0000000000002,
    "pct2ResTime" : 2020.0,
    "pct3ResTime" : 2020.0,
    "throughput" : 1.2822156686754713,
    "receivedKBytesPerSec" : 1.4149450250032054,
    "sentKBytesPerSec" : 0.44952678227977944
  },
  "Get Login User" : {
    "transaction" : "Get Login User",
    "sampleCount" : 10,
    "errorCount" : 0,
    "errorPct" : 0.0,
    "meanResTime" : 315.59999999999997,
    "medianResTime" : 289.5,
    "minResTime" : 279.0,
    "maxResTime" : 552.0,
    "pct1ResTime" : 526.8000000000001,
    "pct2ResTime" : 552.0,
    "pct3ResTime" : 552.0,
    "throughput" : 2.0665426741062203,
    "receivedKBytesPerSec" : 1.1139956602603842,
    "sentKBytesPerSec" : 0.7184464765447406
  },
  "DELETE Buyer Order" : {
    "transaction" : "DELETE Buyer Order",
    "sampleCount" : 10,
    "errorCount" : 0,
    "errorPct" : 0.0,
    "meanResTime" : 475.7,
    "medianResTime" : 303.0,
    "minResTime" : 280.0,
    "maxResTime" : 2020.0,
    "pct1ResTime" : 1853.0000000000007,
    "pct2ResTime" : 2020.0,
    "pct3ResTime" : 2020.0,
    "throughput" : 1.2610340479192939,
    "receivedKBytesPerSec" : 0.4063879255989912,
    "sentKBytesPerSec" : 0.5839671343001261
  },
  "POST Seller Product" : {
    "transaction" : "POST Seller Product",
    "sampleCount" : 10,
    "errorCount" : 0,
    "errorPct" : 0.0,
    "meanResTime" : 1181.6,
    "medianResTime" : 1190.0,
    "minResTime" : 1098.0,
    "maxResTime" : 1300.0,
    "pct1ResTime" : 1291.1000000000001,
    "pct2ResTime" : 1300.0,
    "pct3ResTime" : 1300.0,
    "throughput" : 1.7516202487300754,
    "receivedKBytesPerSec" : 1.1375268216850587,
    "sentKBytesPerSec" : 318.23074038798393
  },
  "PUT Buyer Order by id" : {
    "transaction" : "PUT Buyer Order by id",
    "sampleCount" : 10,
    "errorCount" : 0,
    "errorPct" : 0.0,
    "meanResTime" : 653.5999999999999,
    "medianResTime" : 328.5,
    "minResTime" : 287.0,
    "maxResTime" : 2112.0,
    "pct1ResTime" : 2085.7000000000003,
    "pct2ResTime" : 2112.0,
    "pct3ResTime" : 2112.0,
    "throughput" : 1.266624445851805,
    "receivedKBytesPerSec" : 0.8361700443318556,
    "sentKBytesPerSec" : 0.5850716434452186
  },
  "DELETE Seller Product" : {
    "transaction" : "DELETE Seller Product",
    "sampleCount" : 10,
    "errorCount" : 0,
    "errorPct" : 0.0,
    "meanResTime" : 355.7,
    "medianResTime" : 329.0,
    "minResTime" : 290.0,
    "maxResTime" : 582.0,
    "pct1ResTime" : 563.8000000000001,
    "pct2ResTime" : 582.0,
    "pct3ResTime" : 582.0,
    "throughput" : 1.2523481527864746,
    "receivedKBytesPerSec" : 0.3938047902316844,
    "sentKBytesPerSec" : 0.5904625860989354
  },
  "GET Buyer Product" : {
    "transaction" : "GET Buyer Product",
    "sampleCount" : 10,
    "errorCount" : 0,
    "errorPct" : 0.0,
    "meanResTime" : 905.7,
    "medianResTime" : 889.5,
    "minResTime" : 819.0,
    "maxResTime" : 1090.0,
    "pct1ResTime" : 1080.0,
    "pct2ResTime" : 1090.0,
    "pct3ResTime" : 1090.0,
    "throughput" : 1.8914318138831097,
    "receivedKBytesPerSec" : 77.90334783431058,
    "sentKBytesPerSec" : 0.48394056175524874
  },
  "POST Buyer Order" : {
    "transaction" : "POST Buyer Order",
    "sampleCount" : 10,
    "errorCount" : 0,
    "errorPct" : 0.0,
    "meanResTime" : 329.9,
    "medianResTime" : 319.0,
    "minResTime" : 289.0,
    "maxResTime" : 393.0,
    "pct1ResTime" : 391.6,
    "pct2ResTime" : 393.0,
    "pct3ResTime" : 393.0,
    "throughput" : 2.177226213803614,
    "receivedKBytesPerSec" : 1.4479404800783802,
    "sentKBytesPerSec" : 0.9163911114739821
  },
  "GET Buyer Order" : {
    "transaction" : "GET Buyer Order",
    "sampleCount" : 10,
    "errorCount" : 0,
    "errorPct" : 0.0,
    "meanResTime" : 500.0,
    "medianResTime" : 330.0,
    "minResTime" : 279.0,
    "maxResTime" : 1919.0,
    "pct1ResTime" : 1783.6000000000006,
    "pct2ResTime" : 1919.0,
    "pct3ResTime" : 1919.0,
    "throughput" : 1.6342539630658603,
    "receivedKBytesPerSec" : 1.80342478346135,
    "sentKBytesPerSec" : 0.5713505066187285
  },
  "Total" : {
    "transaction" : "Total",
    "sampleCount" : 160,
    "errorCount" : 0,
    "errorPct" : 0.0,
    "meanResTime" : 547.0125000000002,
    "medianResTime" : 360.0,
    "minResTime" : 279.0,
    "maxResTime" : 2112.0,
    "pct1ResTime" : 1199.8,
    "pct2ResTime" : 1248.3999999999999,
    "pct3ResTime" : 2055.8799999999987,
    "throughput" : 10.357998316825272,
    "receivedKBytesPerSec" : 35.41595860037548,
    "sentKBytesPerSec" : 122.51784832815434
  },
  "Get Seller Product by id" : {
    "transaction" : "Get Seller Product by id",
    "sampleCount" : 10,
    "errorCount" : 0,
    "errorPct" : 0.0,
    "meanResTime" : 374.9,
    "medianResTime" : 379.5,
    "minResTime" : 289.0,
    "maxResTime" : 480.0,
    "pct1ResTime" : 478.9,
    "pct2ResTime" : 480.0,
    "pct3ResTime" : 480.0,
    "throughput" : 2.061855670103093,
    "receivedKBytesPerSec" : 1.4215528350515465,
    "sentKBytesPerSec" : 0.7288981958762887
  },
  "POST Login User" : {
    "transaction" : "POST Login User",
    "sampleCount" : 20,
    "errorCount" : 0,
    "errorPct" : 0.0,
    "meanResTime" : 371.8,
    "medianResTime" : 360.0,
    "minResTime" : 345.0,
    "maxResTime" : 469.0,
    "pct1ResTime" : 419.6,
    "pct2ResTime" : 466.65,
    "pct3ResTime" : 469.0,
    "throughput" : 2.5980774227071968,
    "receivedKBytesPerSec" : 1.2838156014549233,
    "sentKBytesPerSec" : 0.7078746102883866
  },
  "Get Seller Product" : {
    "transaction" : "Get Seller Product",
    "sampleCount" : 10,
    "errorCount" : 0,
    "errorPct" : 0.0,
    "meanResTime" : 344.79999999999995,
    "medianResTime" : 338.5,
    "minResTime" : 301.0,
    "maxResTime" : 407.0,
    "pct1ResTime" : 405.2,
    "pct2ResTime" : 407.0,
    "pct3ResTime" : 407.0,
    "throughput" : 2.06996481059822,
    "receivedKBytesPerSec" : 1.4271437073069757,
    "sentKBytesPerSec" : 0.7297434537362865
  },
  "POST Register User Buyer" : {
    "transaction" : "POST Register User Buyer",
    "sampleCount" : 10,
    "errorCount" : 0,
    "errorPct" : 0.0,
    "meanResTime" : 395.3,
    "medianResTime" : 397.0,
    "minResTime" : 351.0,
    "maxResTime" : 460.0,
    "pct1ResTime" : 457.0,
    "pct2ResTime" : 460.0,
    "pct3ResTime" : 460.0,
    "throughput" : 2.079002079002079,
    "receivedKBytesPerSec" : 1.1308634355509357,
    "sentKBytesPerSec" : 3.067340176715177
  },
  "GET Buyer Product by id" : {
    "transaction" : "GET Buyer Product by id",
    "sampleCount" : 10,
    "errorCount" : 0,
    "errorPct" : 0.0,
    "meanResTime" : 384.79999999999995,
    "medianResTime" : 373.0,
    "minResTime" : 337.0,
    "maxResTime" : 488.0,
    "pct1ResTime" : 482.1,
    "pct2ResTime" : 488.0,
    "pct3ResTime" : 488.0,
    "throughput" : 2.1556369907307613,
    "receivedKBytesPerSec" : 10.146650679025651,
    "sentKBytesPerSec" : 0.5178581051950851
  }
}